{
  "f1_score": 0.9904722452361227,
  "precision": 0.9904722452361227,
  "recall": 0.9904722452361227
}